{
    "graph": {
        "edges": [
            {
                "sink": 1,
                "source": 0,
                "weight": 1.0
            },
            {
                "sink": 0,
                "source": 1,
                "weight": 1.0
            }
        ],
        "nodes": [
            {
                "id": 0,
                "position": [
                    0.5,
                    0.5
                ]
            },
            {
                "id": 1,
                "position": [
                    0.5,
                    0.6000000238418579
                ]
            }
        ]
    },
    "obstacles": [
        {
            "id": 0,
            "vertices": [
                [
                    0.30000001192092896,
                    0.30000001192092896
                ],
                [
                    0.5,
                    0.30000001192092896
                ],
                [
                    0.10000000149011612,
                    0.30000001192092896
                ]
            ]
        }
    ]
}