{
    "graph": {
        "edges": [],
        "nodes": []
    },
    "obstacles": [
        {
            "id": 0,
            "vertices": [
                [
                    0.029999999329447746,
                    0.10300000011920929
                ],
                [
                    0.1509999930858612,
                    0.10300000011920929
                ],
                [
                    0.1509999930858612,
                    0.16200000047683716
                ],
                [
                    0.14100000262260437,
                    0.16200000047683716
                ],
                [
                    0.14100000262260437,
                    0.11500000208616257
                ],
                [
                    0.039000000804662704,
                    0.11500000208616257
                ],
                [
                    0.0430000014603138,
                    0.2529999911785126
                ],
                [
                    0.1420000046491623,
                    0.2529999911785126
                ],
                [
                    0.1420000046491623,
                    0.20800000429153442
                ],
                [
                    0.1550000011920929,
                    0.20800000429153442
                ],
                [
                    0.1550000011920929,
                    0.27399998903274536
                ],
                [
                    0.029999999329447746,
                    0.27399998903274536
                ]
            ]
        },
        {
            "id": 1,
            "vertices": [
                [
                    0.20399999618530273,
                    0.10000000149011612
                ],
                [
                    0.3009999990463257,
                    0.10000000149011612
                ],
                [
                    0.3009999990463257,
                    0.1120000034570694
                ],
                [
                    0.20399999618530273,
                    0.1120000034570694
                ]
            ]
        },
        {
            "id": 2,
            "vertices": [
                [
                    0.1120000034570694,
                    0.04500000178813934
                ],
                [
                    0.22100000083446503,
                    0.04500000178813934
                ],
                [
                    0.22100000083446503,
                    0.06499999761581421
                ],
                [
                    0.10700000077486038,
                    0.06499999761581421
                ]
            ]
        },
        {
            "id": 3,
            "vertices": [
                [
                    0.20200000703334808,
                    0.164000004529953
                ],
                [
                    0.24400000274181366,
                    0.164000004529953
                ],
                [
                    0.24400000274181366,
                    0.17399999499320984
                ],
                [
                    0.21199999749660492,
                    0.17399999499320984
                ],
                [
                    0.21199999749660492,
                    0.289000004529953
                ],
                [
                    0.24400000274181366,
                    0.289000004529953
                ],
                [
                    0.24400000274181366,
                    0.29899999499320984
                ],
                [
                    0.20399999618530273,
                    0.29899999499320984
                ]
            ]
        },
        {
            "id": 4,
            "vertices": [
                [
                    0.2590000033378601,
                    0.29899999499320984
                ],
                [
                    0.29899999499320984,
                    0.29899999499320984
                ],
                [
                    0.29899999499320984,
                    0.16500000655651093
                ],
                [
                    0.2590000033378601,
                    0.16500000655651093
                ],
                [
                    0.2590000033378601,
                    0.18000000715255737
                ],
                [
                    0.29100000858306885,
                    0.18000000715255737
                ],
                [
                    0.29100000858306885,
                    0.2849999964237213
                ],
                [
                    0.26100000739097595,
                    0.2849999964237213
                ]
            ]
        },
        {
            "id": 5,
            "vertices": [
                [
                    0.3400000035762787,
                    0.0
                ],
                [
                    0.3400000035762787,
                    0.30300000309944153
                ],
                [
                    0.3580000102519989,
                    0.30300000309944153
                ],
                [
                    0.3580000102519989,
                    0.0
                ]
            ]
        },
        {
            "id": 6,
            "vertices": [
                [
                    0.3580000102519989,
                    1.0
                ],
                [
                    0.3409999907016754,
                    1.0
                ],
                [
                    0.3409999907016754,
                    0.36800000071525574
                ],
                [
                    0.3580000102519989,
                    0.36800000071525574
                ]
            ]
        },
        {
            "id": 7,
            "vertices": [
                [
                    0.4000000059604645,
                    0.20399999618530273
                ],
                [
                    0.44999998807907104,
                    0.10400000214576721
                ],
                [
                    0.46000000834465027,
                    0.12200000137090683
                ],
                [
                    0.4099999964237213,
                    0.20399999618530273
                ],
                [
                    0.5019999742507935,
                    0.3580000102519989
                ],
                [
                    0.5519999861717224,
                    0.3009999990463257
                ],
                [
                    0.5270000100135803,
                    0.19900000095367432
                ],
                [
                    0.550000011920929,
                    0.14900000393390656
                ],
                [
                    0.5989999771118164,
                    0.14900000393390656
                ],
                [
                    0.5989999771118164,
                    0.17100000381469727
                ],
                [
                    0.550000011920929,
                    0.17100000381469727
                ],
                [
                    0.5400000214576721,
                    0.20100000500679016
                ],
                [
                    0.5649999976158142,
                    0.30300000309944153
                ],
                [
                    0.5009999871253967,
                    0.375
                ]
            ]
        },
        {
            "id": 8,